age,average_trip_duration
89.0,774.0
85.0,730.0
122.0,689.0
79.0,660.6029411764706
20.0,651.7428571428571
NaN,631.8232207117153
124.0,597.7906976744187
93.0,561.2
74.0,551.9635854341736
75.0,547.8658146964856
