age,average_trip_duration
90.0,""
84.0,163.5
92.0,282.0
81.0,295.625
94.0,298.5
102.0,315.52127659574467
86.0,336.25
23.0,351.78556658395365
80.0,363.0
22.0,381.79213483146066
