gender,average_trip_duration
Female,509.8082474784837
NaN,611.8951609483015
Male,478.6205057415161
